position,needle,needle_retained,retained_ids,output_chars,transforms
184,req-0184,False,15,1291,router:protected:user_message|router:search:0.03
316,req-0316,False,15,1291,router:protected:user_message|router:search:0.03
119,req-0119,False,15,1291,router:protected:user_message|router:search:0.03
128,req-0128,False,15,1291,router:protected:user_message|router:search:0.03
250,req-0250,False,15,1291,router:protected:user_message|router:search:0.03
288,req-0288,False,15,1291,router:protected:user_message|router:search:0.03
93,req-0093,False,15,1291,router:protected:user_message|router:search:0.03
197,req-0197,False,15,1291,router:protected:user_message|router:search:0.03
318,req-0318,False,15,1291,router:protected:user_message|router:search:0.03
470,req-0470,False,15,1291,router:protected:user_message|router:search:0.03
58,req-0058,False,15,1291,router:protected:user_message|router:search:0.03
141,req-0141,False,15,1291,router:protected:user_message|router:search:0.03
273,req-0273,False,15,1291,router:protected:user_message|router:search:0.03
346,req-0346,False,15,1291,router:protected:user_message|router:search:0.03
215,req-0215,False,15,1291,router:protected:user_message|router:search:0.03
341,req-0341,False,15,1291,router:protected:user_message|router:search:0.03
195,req-0195,False,15,1291,router:protected:user_message|router:search:0.03
183,req-0183,False,15,1291,router:protected:user_message|router:search:0.03
370,req-0370,False,15,1291,router:protected:user_message|router:search:0.03
363,req-0363,False,15,1291,router:protected:user_message|router:search:0.03
151,req-0151,False,15,1291,router:protected:user_message|router:search:0.03
452,req-0452,False,15,1291,router:protected:user_message|router:search:0.03
345,req-0345,False,15,1291,router:protected:user_message|router:search:0.03
379,req-0379,False,15,1291,router:protected:user_message|router:search:0.03
102,req-0102,False,15,1291,router:protected:user_message|router:search:0.03
36,req-0036,False,15,1291,router:protected:user_message|router:search:0.03
383,req-0383,False,15,1291,router:protected:user_message|router:search:0.03
74,req-0074,False,15,1291,router:protected:user_message|router:search:0.03
51,req-0051,False,15,1291,router:protected:user_message|router:search:0.03
310,req-0310,False,15,1291,router:protected:user_message|router:search:0.03
47,req-0047,False,15,1291,router:protected:user_message|router:search:0.03
439,req-0439,False,15,1291,router:protected:user_message|router:search:0.03
88,req-0088,False,15,1291,router:protected:user_message|router:search:0.03
65,req-0065,False,15,1291,router:protected:user_message|router:search:0.03
146,req-0146,False,15,1291,router:protected:user_message|router:search:0.03
30,req-0030,False,15,1291,router:protected:user_message|router:search:0.03
207,req-0207,False,15,1291,router:protected:user_message|router:search:0.03
278,req-0278,False,15,1291,router:protected:user_message|router:search:0.03
199,req-0199,False,15,1291,router:protected:user_message|router:search:0.03
423,req-0423,False,15,1291,router:protected:user_message|router:search:0.03
216,req-0216,False,15,1291,router:protected:user_message|router:search:0.03
265,req-0265,False,15,1291,router:protected:user_message|router:search:0.03
440,req-0440,False,15,1291,router:protected:user_message|router:search:0.03
33,req-0033,False,15,1291,router:protected:user_message|router:search:0.03
111,req-0111,False,15,1291,router:protected:user_message|router:search:0.03
244,req-0244,False,15,1291,router:protected:user_message|router:search:0.03
262,req-0262,False,15,1291,router:protected:user_message|router:search:0.03
246,req-0246,False,15,1291,router:protected:user_message|router:search:0.03
189,req-0189,False,15,1291,router:protected:user_message|router:search:0.03
366,req-0366,False,15,1291,router:protected:user_message|router:search:0.03
398,req-0398,False,15,1291,router:protected:user_message|router:search:0.03
191,req-0191,False,15,1291,router:protected:user_message|router:search:0.03
385,req-0385,False,15,1291,router:protected:user_message|router:search:0.03
168,req-0168,False,15,1291,router:protected:user_message|router:search:0.03
253,req-0253,False,15,1291,router:protected:user_message|router:search:0.03
306,req-0306,False,15,1291,router:protected:user_message|router:search:0.03
127,req-0127,False,15,1291,router:protected:user_message|router:search:0.03
126,req-0126,False,15,1291,router:protected:user_message|router:search:0.03
257,req-0257,False,15,1291,router:protected:user_message|router:search:0.03
240,req-0240,False,15,1291,router:protected:user_message|router:search:0.03
449,req-0449,False,15,1291,router:protected:user_message|router:search:0.03
390,req-0390,False,15,1291,router:protected:user_message|router:search:0.03
302,req-0302,False,15,1291,router:protected:user_message|router:search:0.03
411,req-0411,False,15,1291,router:protected:user_message|router:search:0.03
138,req-0138,False,15,1291,router:protected:user_message|router:search:0.03
457,req-0457,False,15,1291,router:protected:user_message|router:search:0.03
279,req-0279,False,15,1291,router:protected:user_message|router:search:0.03
368,req-0368,False,15,1291,router:protected:user_message|router:search:0.03
399,req-0399,False,15,1291,router:protected:user_message|router:search:0.03
300,req-0300,False,15,1291,router:protected:user_message|router:search:0.03
35,req-0035,False,15,1291,router:protected:user_message|router:search:0.03
100,req-0100,False,15,1291,router:protected:user_message|router:search:0.03
338,req-0338,False,15,1291,router:protected:user_message|router:search:0.03
260,req-0260,False,15,1291,router:protected:user_message|router:search:0.03
263,req-0263,False,15,1291,router:protected:user_message|router:search:0.03
295,req-0295,False,15,1291,router:protected:user_message|router:search:0.03
104,req-0104,False,15,1291,router:protected:user_message|router:search:0.03
131,req-0131,False,15,1291,router:protected:user_message|router:search:0.03
369,req-0369,False,15,1291,router:protected:user_message|router:search:0.03
177,req-0177,False,15,1291,router:protected:user_message|router:search:0.03
408,req-0408,False,15,1291,router:protected:user_message|router:search:0.03
57,req-0057,False,15,1291,router:protected:user_message|router:search:0.03
456,req-0456,False,15,1291,router:protected:user_message|router:search:0.03
268,req-0268,False,15,1291,router:protected:user_message|router:search:0.03
267,req-0267,False,15,1291,router:protected:user_message|router:search:0.03
362,req-0362,False,15,1291,router:protected:user_message|router:search:0.03
301,req-0301,False,15,1291,router:protected:user_message|router:search:0.03
38,req-0038,False,15,1291,router:protected:user_message|router:search:0.03
453,req-0453,False,15,1291,router:protected:user_message|router:search:0.03
326,req-0326,False,15,1291,router:protected:user_message|router:search:0.03
367,req-0367,False,15,1291,router:protected:user_message|router:search:0.03
459,req-0459,False,15,1291,router:protected:user_message|router:search:0.03
436,req-0436,False,15,1291,router:protected:user_message|router:search:0.03
294,req-0294,False,15,1291,router:protected:user_message|router:search:0.03
39,req-0039,False,15,1291,router:protected:user_message|router:search:0.03
68,req-0068,False,15,1291,router:protected:user_message|router:search:0.03
34,req-0034,False,15,1291,router:protected:user_message|router:search:0.03
261,req-0261,False,15,1291,router:protected:user_message|router:search:0.03
307,req-0307,False,15,1291,router:protected:user_message|router:search:0.03
393,req-0393,False,15,1291,router:protected:user_message|router:search:0.03
